user_id,user_tags
3,音乐欣赏|阅读|美食探店
4,旅行攻略|摄影后期|历史文化
5,健身训练|营养餐食|健康管理
6,电影鉴赏|动漫创作|游戏设计
7,手工艺制作|插花艺术|家居装饰
8,科技产品|人工智能|数据分析
9,户外探险|徒步旅行|自然摄影
10,理财规划|投资分析|经济研究
11,时尚穿搭|美妆护肤|生活方式
12,宠物饲养|园艺栽培|植物观察
13,手机摄影|短视频剪辑|创意拍摄
14,健康饮食|营养学研究|健身计划
15,汽车维修|机械工程|车辆改装
16,瑜伽冥想|正念练习|心灵成长
17,水下摄影|海洋探索|自然观察
18,金融理财|投资策略|经济分析
19,时尚摄影|服装设计|艺术创作
20,宠物美容|动物护理|宠物训练
21,无人机航拍|地理测绘|科技应用
22,钓鱼技巧|户外生存|自然探险
25,茶道文化|书法艺术|古琴演奏
26,天文观测|星空摄影|宇宙探索
27,宠物摄影|动物行为学|自然纪录片
28,3D建模|虚拟现实|数字艺术
29,红酒品鉴|调酒工艺|美食搭配
30,古建筑修复|历史考证|文物收藏
31,冥想疗愈|情绪管理|心理成长
32,无人机摄影|航拍技巧|地理测绘
33,手工造纸|传统工艺|非遗传承
34,天文摄影|星云观测|望远镜使用
23,无人机航拍|茶道文化|水下摄影
24,瑜伽冥想|美食烹饪|时尚穿搭
35,天文观测|自然摄影|3D建模
36,宠物美容|钓鱼技巧|艺术创作
37,汽车维修|摄影构图|健身训练
38,红酒品鉴|金融理财|手工艺制作
39,美妆护肤|短视频剪辑|户外探险
40,无人机摄影|水墨画|心理成长
41,音乐制作|厨艺创新|历史文化
42,植物观察|空间设计|美食搭配
45,天文摄影|星云观测|望远镜使用
46,宠物行为学|动物保护|自然纪录片
47,智能硬件开发|物联网应用|科技产品
48,书法创作|国画艺术|传统工艺
49,咖啡品鉴|烘焙工艺|美食创意
50,室内设计|空间规划|家居美学
51,无人机编程|航拍技术|地理测绘
52,植物染色|非遗手作|传统纹样
53,区块链技术|加密货币|金融科技
54,声乐训练|音乐制作|乐器演奏
57,手工艺制作|传统工艺|非遗传承
58,体育运动|健身训练|体能训练
59,人工智能|编程开发|算法优化
60,自然摄影|户外探险|生态观察
61,时尚穿搭|美妆护肤|造型设计
62,在线教育|知识分享|学习规划
63,旅行摄影|地理测绘|文化探索
64,健康养生|中医养生|食疗调理
65,艺术设计|创意绘画|视觉传达
66,金融理财|投资分析|经济研究
69,区块链技术|智能合约|金融科技
70,户外探险|生存技能|自然观察
71,时尚摄影|服装设计|艺术创作
72,咖啡品鉴|烘焙工艺|美食创意
73,室内设计|空间规划|家居美学
74,天文摄影|星云观测|望远镜使用
75,宠物行为学|动物保护|自然纪录片
76,3D建模|虚拟现实|数字艺术
77,金融理财|投资策略|经济分析
78,健康养生|中医养生|食疗调理
79,科技应用|数字艺术|心理成长
80,时尚穿搭|健身训练|艺术创作
81,音乐制作|美食烹饪|户外探险
82,自然观察|科技应用|数字艺术
83,心理成长|时尚穿搭|健身训练
84,艺术创作|音乐制作|美食烹饪
85,户外探险|自然观察|科技应用
86,数字艺术|心理成长|时尚穿搭
87,健身训练|艺术创作|音乐制作
88,美食烹饪|户外探险|自然观察
91,室内设计|空间规划|家居美学
92,天文摄影|星云观测|望远镜使用
93,宠物行为学|动物保护|自然纪录片
94,3D建模|虚拟现实|数字艺术
95,金融理财|投资策略|经济分析
96,健康养生|中医养生|食疗调理
97,艺术设计|创意绘画|视觉传达
98,在线教育|知识分享|学习规划
99,旅行摄影|地理测绘|文化探索
100,心理成长|时尚穿搭|健身训练
103,无人机编程|航拍技术|地理测绘
104,太极拳|气功|传统养生
105,食物摄影|烹饪技巧|美食创意
106,水墨画|书法创作|国画艺术
107,宠物行为学|动物保护|自然纪录片
108,智能家居|物联网应用|科技生活
109,咖啡拉花|烘焙工艺|甜点制作
110,舞蹈编排|健身训练|体能提升
111,天文摄影|星云观测|望远镜使用
112,瑜伽冥想|正念练习|情绪管理
115,摄影后期|自然摄影|户外探险
116,航拍技巧|地理测绘|户外探险
117,摄影技巧|自然摄影|旅行摄影
118,摄影后期|自然观察|户外探险
119,摄影构图|自然摄影|旅行摄影
120,摄影后期|自然观察|户外探险
121,摄影技巧|自然摄影|户外探险
122,摄影后期|自然摄影|旅行摄影
123,摄影构图|自然观察|户外探险
124,摄影后期|自然摄影|旅行摄影
127,宠物行为学|动物保护|自然纪录片
128,3D建模|虚拟现实|数字艺术
129,金融理财|投资策略|经济分析
130,健康养生|中医养生|食疗调理
131,艺术设计|创意绘画|视觉传达
132,在线教育|知识分享|学习规划
133,旅行摄影|地理测绘|文化探索
134,心理成长|时尚穿搭|健身训练
135,音乐制作|美食烹饪|户外探险
136,自然观察|科技应用|数字艺术
139,手工艺创新|传统工艺|非遗传承
140,运动康复|营养学|体能训练
141,视觉艺术|创意设计|艺术创作
142,美食创意|烹饪技巧|饮食文化
143,金融科技|区块链|投资策略
144,中医养生|食疗调理|健康饮食
145,在线教育|知识分享|学习规划
146,旅行摄影|地理测绘|文化探索
147,心理成长|情绪管理|正念练习
148,美术创作|艺术鉴赏|绘画技巧
151,音乐制作|乐器演奏|录音技术
152,数字艺术|虚拟现实|3D建模
153,旅行摄影|地理测绘|文化探索
154,健身训练|体能提升|运动康复
155,心理成长|情绪管理|正念练习
156,手工艺创新|传统工艺|非遗传承
157,天文摄影|星云观测|望远镜使用
158,宠物行为学|动物保护|自然摄影
159,摄影后期|自然观察|户外探险
160,运动康复|营养学|体能训练
163,书法创作|国画艺术|传统工艺
164,舞蹈编排|健身训练|体能提升
165,金融理财|投资策略|经济分析
166,心理成长|情绪管理|正念练习
167,美食创意|烹饪技巧|饮食文化
168,数字艺术|虚拟现实|3D建模
169,运动康复|营养学|体能训练
170,视觉艺术|创意设计|艺术创作
171,天文摄影|星云观测|望远镜使用
172,宠物行为学|动物保护|自然纪录片
175,数字营销|社交媒体|品牌推广
176,区块链应用|加密货币|金融科技
177,环保行动|垃圾分类|节能减排
178,可持续时尚|环保材料|二手购物
179,环保教育|生态知识|自然观察
180,绿色能源|太阳能|风能
181,环保设计|生态建筑|低碳生活
182,环保科技|智能环保|物联网应用
183,环保理念|生态保护|自然摄影
184,环保行动|环保组织|公益活动
187,太空探索|天文观测|星际旅行
188,区块链应用|加密货币|金融科技
189,无人机编程|航拍技术|地理测绘
190,植物染色|非遗手作|传统纹样
191,情绪管理|心理成长|正念练习
192,美食创意|烹饪技巧|饮食文化
193,运动康复|营养学|体能训练
194,环保教育|生态知识|自然观察
195,视觉艺术|创意设计|艺术创作
196,智能硬件开发|物联网应用|科技产品
199,可持续时尚|环保材料|二手购物
200,环保行动|垃圾分类|节能减排
201,绿色能源|太阳能|风能
202,环保设计|生态建筑|低碳生活
203,环保科技|智能环保|物联网应用
204,环保理念|生态保护|自然摄影
205,太空探索|天文观测|星际旅行
206,数字营销|社交媒体|品牌推广
207,智能硬件开发|物联网应用|科技产品
208,植物染色|非遗手作|传统纹样
211,运动康复|营养学|体能训练
212,环保教育|生态知识|环保行动
213,可持续时尚|环保材料|二手购物
214,绿色能源|太阳能|风能
215,环保设计|生态建筑|低碳生活
216,环保科技|智能环保|物联网应用
217,环保理念|生态保护|自然摄影
218,环保行动|环保组织|公益活动
219,太空探索|星际旅行|天文观测
220,数字营销|社交媒体|品牌推广
225,健康饮食|营养学|健身计划
226,摄影构图|旅行摄影|自然观察
227,美妆护肤|时尚穿搭|造型设计
228,智能家居|物联网应用|科技生活
229,健身训练|体能提升|运动康复
230,环保理念|生态保护|自然摄影
231,数字营销|社交媒体|品牌推广
232,无人机编程|航拍技术|地理测绘
233,艺术设计|创意绘画|视觉传达
234,心理成长|情绪管理|正念练习
239,环保行动|垃圾分类|节能减排
240,可持续时尚|环保材料|二手购物
241,绿色能源|太阳能|风能
242,环保设计|生态建筑|低碳生活
243,环保科技|智能环保|物联网应用
244,环保理念|生态保护|自然摄影
245,环保行动|环保组织|公益活动
246,太空探索|天文观测|星际旅行
247,区块链应用|加密货币|金融科技
248,无人机编程|航拍技术|地理测绘
251,数字艺术|虚拟现实|3D建模
252,运动康复|营养学|体能训练
253,环保理念|生态保护|自然摄影
254,智能硬件开发|物联网应用|科技产品
255,情绪管理|心理成长|正念练习
256,可持续时尚|环保材料|二手购物
257,植物染色|非遗手作|传统纹样
258,摄影构图|旅行摄影|自然观察
259,区块链应用|加密货币|金融科技
260,环保行动|垃圾分类|节能减排
263,可持续时尚|环保设计|低碳生活
264,绿色能源|太阳能|风能
265,环保科技|智能环保|物联网应用
266,环保理念|生态保护|自然摄影
267,环保行动|环保组织|公益活动
268,太空探索|天文观测|星际旅行
269,数字营销|社交媒体|品牌推广
270,智能硬件开发|物联网应用|科技产品
271,植物染色|非遗手作|传统纹样
272,情绪管理|心理成长|正念练习
275,美食创意|烹饪技巧|饮食文化
276,数字艺术|虚拟现实|3D建模
277,运动康复|营养学|体能训练
278,可持续时尚|环保材料|二手购物
279,绿色能源|太阳能|风能
280,环保设计|生态建筑|低碳生活
281,环保科技|智能环保|物联网应用
282,环保理念|生态保护|自然摄影
283,环保行动|环保组织|公益活动
284,太空探索|天文观测|星际旅行
287,绿色能源|太阳能|风能
288,环保设计|生态建筑|低碳生活
289,环保理念|生态保护|自然摄影
290,环保行动|环保组织|公益活动
291,太空探索|天文观测|星际旅行
292,数字营销|社交媒体|品牌推广
293,智能硬件开发|物联网应用|科技产品
294,植物染色|非遗手作|传统纹样
295,情绪管理|心理成长|正念练习
296,美食创意|烹饪技巧|饮食文化
299,数字艺术|虚拟现实|3D建模
300,心理成长|情绪管理|正念练习
301,可持续时尚|环保材料|二手购物
302,绿色能源|太阳能|风能
303,环保设计|生态建筑|低碳生活
304,太空探索|天文观测|星际旅行
305,数字营销|社交媒体|品牌推广
306,摄影构图|旅行摄影|自然观察
307,情绪管理|心理成长|正念练习
308,美食创意|烹饪技巧|饮食文化
311,环保行动|可持续时尚|绿色能源
312,太空探索|星际旅行|天文观测
313,虚拟现实|3D建模|沉浸式体验
314,美食创意|烹饪技巧|饮食文化
315,运动康复|营养学|体能训练
316,情绪管理|心理成长|正念练习
317,智能硬件开发|物联网应用|科技产品
318,植物染色|非遗手作|传统纹样
319,摄影构图|旅行摄影|自然观察
320,数字营销|社交媒体|品牌推广
323,数字艺术|虚拟现实|3D建模
324,植物染色|非遗手作|传统纹样
325,情绪管理|心理成长|正念练习
326,美食创意|烹饪技巧|饮食文化
327,运动康复|营养学|体能训练
328,可持续时尚|环保材料|二手购物
329,绿色能源|太阳能|风能
330,环保设计|生态建筑|低碳生活
331,环保科技|智能环保|物联网应用
332,环保行动|垃圾分类|节能减排
335,环保理念|生态保护|自然摄影
336,智能硬件开发|物联网应用|科技产品
337,植物染色|非遗手作|传统纹样
338,情绪管理|心理成长|正念练习
339,美食创意|烹饪技巧|饮食文化
340,运动康复|营养学|体能训练
341,数字艺术|虚拟现实|3D建模
342,可持续时尚|环保材料|二手购物
343,绿色能源|太阳能|风能
344,环保设计|生态建筑|低碳生活
347,人工智能|机器学习|数据科学
348,室内设计|空间规划|家居美学
349,烹饪技巧|美食创意|饮食文化
350,摄影构图|旅行摄影|自然观察
351,情绪管理|心理成长|正念练习
352,可持续时尚|环保材料|二手购物
353,天文摄影|星云观测|望远镜使用
354,舞蹈编排|健身训练|体能提升
355,植物染色|非遗手作|传统纹样
356,虚拟现实|3D建模|沉浸式体验
359,绿色能源|太阳能|风能
360,环保科技|智能环保|物联网应用
361,环保理念|生态保护|自然摄影
362,环保行动|环保组织|公益活动
363,太空探索|天文观测|星际旅行
364,数字营销|社交媒体|品牌推广
365,智能硬件开发|物联网应用|科技产品
366,植物染色|非遗手作|传统纹样
367,情绪管理|心理成长|正念练习
368,美食创意|烹饪技巧|饮食文化
371,数字艺术|虚拟现实|沉浸式体验
372,太空探索|天文观测|星际旅行
373,区块链应用|智能合约|金融科技
374,摄影构图|旅行摄影|自然摄影
375,环保行动|环保组织|公益活动
376,可持续时尚|环保设计|低碳生活
377,绿色能源|太阳能|可再生能源
378,环保科技|智能环保|可持续发展
379,环保理念|生态保护|自然观察
380,数字营销|社交媒体|内容创作
383,智能硬件开发|物联网应用|科技产品
384,植物染色|非遗手作|传统纹样
385,情绪管理|心理成长|正念练习
386,美食创意|烹饪技巧|饮食文化
387,运动康复|营养学|体能训练
388,可持续时尚|环保材料|二手购物
389,绿色能源|太阳能|风能
390,环保设计|生态建筑|低碳生活
391,环保科技|智能环保|物联网应用
392,环保行动|环保组织|公益活动
395,户外探险|自然摄影|生态观察
396,美食创意|烹饪技巧|饮食文化
397,心理健康|情绪管理|正念练习
398,数字艺术|虚拟现实|3D建模
399,可持续时尚|环保材料|二手购物
400,智能硬件开发|物联网应用|科技产品
401,环保行动|可持续发展|绿色能源
402,人工智能|机器学习|算法优化
403,运动康复|营养学|健身计划
404,心理成长|情绪管理|正念练习
407,可持续时尚|环保材料|二手购物
408,绿色能源|太阳能|风能
409,环保设计|生态建筑|低碳生活
410,环保科技|智能环保|物联网应用
411,环保理念|生态保护|自然摄影
412,环保行动|环保组织|公益活动
413,太空探索|天文观测|星际旅行
414,数字营销|社交媒体|品牌推广
415,智能硬件开发|物联网应用|科技产品
416,植物染色|非遗手作|传统纹样
419,可持续时尚|环保材料|二手购物
420,绿色能源|太阳能|风能
421,环保设计|生态建筑|低碳生活
422,环保科技|智能环保|物联网应用
423,环保行动|环保组织|公益活动
424,太空探索|天文观测|星际旅行
425,数字营销|社交媒体|品牌推广
426,智能硬件开发|物联网应用|科技产品
427,植物染色|非遗手作|传统纹样
428,情绪管理|心理成长|正念练习
431,环保行动|垃圾分类|节能减排
432,可持续时尚|环保材料|二手购物
433,绿色能源|太阳能|风能
434,环保设计|生态建筑|低碳生活
435,环保科技|智能环保|物联网应用
436,环保理念|生态保护|自然摄影
437,环保行动|环保组织|公益活动
438,太空探索|天文观测|星际旅行
439,数字营销|社交媒体|品牌推广
440,智能硬件开发|物联网应用|科技产品
443,绿色能源|太阳能|可再生能源
444,环保设计|生态建筑|低碳生活
445,环保科技|智能环保|物联网应用
446,环保理念|生态保护|自然摄影
447,环保行动|环保组织|公益活动
448,太空探索|天文观测|星际旅行
449,数字营销|社交媒体|品牌推广
450,智能硬件开发|物联网应用|科技产品
451,植物染色|非遗手作|传统纹样
452,情绪管理|心理成长|正念练习
455,绿色能源|太阳能|风能
456,环保设计|生态建筑|低碳生活
457,环保科技|智能环保|物联网应用
458,环保理念|生态保护|自然摄影
459,环保行动|环保组织|公益活动
460,太空探索|天文观测|星际旅行
461,数字营销|社交媒体|品牌推广
462,智能硬件开发|物联网应用|科技产品
463,植物染色|非遗手作|传统纹样
464,情绪管理|心理成长|正念练习
467,虚拟现实|3D建模|沉浸式体验
468,美食创意|烹饪技巧|饮食文化
469,运动康复|营养学|体能训练
470,情绪管理|心理成长|正念练习
471,智能硬件开发|物联网应用|科技产品
472,植物染色|非遗手作|传统纹样
473,摄影构图|旅行摄影|自然观察
474,数字营销|社交媒体|品牌推广
475,环保行动|垃圾分类|节能减排
476,太空探索|天文观测|星际旅行
479,环保设计|生态建筑|低碳生活
480,环保科技|智能环保|物联网应用
481,环保理念|生态保护|自然摄影
482,环保行动|环保组织|公益活动
483,太空探索|天文观测|星际旅行
484,数字营销|社交媒体|品牌推广
485,智能硬件开发|物联网应用|科技产品
486,植物染色|非遗手作|传统纹样
487,情绪管理|心理成长|正念练习
488,美食创意|烹饪技巧|饮食文化
491,户外探险|徒步旅行|生态观察
492,智能硬件开发|物联网应用|科技产品
493,情绪管理|心理成长|正念练习
494,植物染色|非遗手作|传统纹样
495,数字营销|社交媒体|品牌推广
496,可持续时尚|环保材料|二手购物
497,绿色能源|太阳能|风能
498,环保设计|生态建筑|低碳生活
499,环保科技|智能环保|物联网应用
500,太空探索|天文观测|星际旅行
503,手工艺制作|传统工艺|非遗传承
504,美食创新|烹饪技巧|饮食文化
505,运动康复|营养学|体能训练
506,情绪管理|心理成长|正念练习
507,智能硬件开发|物联网应用|科技产品
508,植物染色|非遗手作|传统纹样
509,摄影构图|旅行摄影|自然观察
510,数字营销|社交媒体|品牌推广
511,环保行动|垃圾分类|节能减排
512,可持续时尚|环保材料|二手购物
516,环保行动|可持续发展|绿色能源
517,可持续时尚|环保材料|二手购物
518,绿色能源|太阳能|风能
519,环保设计|生态建筑|低碳生活
520,环保科技|智能环保|物联网应用
521,环保理念|生态保护|自然摄影
522,环保行动|环保组织|公益活动
523,太空探索|天文观测|星际旅行
524,数字营销|社交媒体|品牌推广
525,智能硬件开发|物联网应用|科技产品
528,绿色能源|太阳能|风能
529,环保设计|生态建筑|低碳生活
530,环保科技|智能环保|物联网应用
531,环保理念|生态保护|自然摄影
532,环保行动|环保组织|公益活动
533,太空探索|天文观测|星际旅行
534,数字营销|社交媒体|品牌推广
535,智能硬件开发|物联网应用|科技产品
536,植物染色|非遗手作|传统纹样
537,情绪管理|心理成长|正念练习
540,珠宝设计|手工艺制作|非遗传承
541,室内设计|空间规划|家居美学
542,宠物训练|动物行为学|自然纪录片
543,咖啡品鉴|烘焙工艺|美食创意
544,飞行模拟|航空知识|航天探索
545,陶艺制作|传统工艺|非遗手作
546,潜水运动|海洋探索|水下摄影
547,古建筑修复|历史考证|文物收藏
548,星空摄影|天文观测|宇宙探索
549,无人机航拍|地理测绘|科技应用
552,星空摄影|天文观测|宇宙探索
553,珠宝设计|手工艺制作|非遗传承
554,古建筑修复|历史考证|文物收藏
555,飞行模拟|航空知识|航天探索
556,陶艺制作|传统工艺|非遗手作
557,潜水运动|海洋探索|水下摄影
558,星空摄影|天文观测|宇宙探索
559,珠宝设计|手工艺制作|非遗传承
560,古建筑修复|历史考证|文物收藏
561,飞行模拟|航空知识|航天探索
564,运动康复|营养学|体能提升
565,情绪管理|心理成长|正念练习
566,智能硬件开发|物联网应用|科技产品
567,植物染色|非遗手作|传统纹样
568,摄影构图|旅行摄影|自然观察
569,数字营销|社交媒体|品牌推广
570,智能硬件开发|物联网应用|科技产品
571,植物染色|非遗手作|传统纹样
572,情绪管理|心理成长|正念练习
573,摄影后期|自然摄影|户外探险
